date,open,high,low,close,volume,Close,macd,rsi,ema_20,ema_50,target
2025-05-14 13:20:00+05:30,24621.6,24635.05,24616.8,24635.05,0,24635.05,-19.615632740631554,46.22140818732805,24640.810465570004,24684.884000000005,1
2025-05-14 13:25:00+05:30,24634.9,24660.95,24633.9,24644.95,0,24644.95,-16.941133842956333,48.964780556977395,24641.204706944292,24683.31796078432,0
2025-05-14 13:30:00+05:30,24644.55,24646.45,24639.15,24644.7,0,24644.7,-14.672610389301553,48.89694669043907,24641.537591997214,24681.80353094964,0
2025-05-14 13:35:00+05:30,24644.65,24648.0,24631.5,24634.9,0,24634.9,-13.50983434567388,46.19528384343619,24640.905440378432,24679.964176794754,0
2025-05-14 13:40:00+05:30,24634.7,24647.85,24625.35,24628.5,0,24628.5,-12.95541055826834,44.46734184599633,24639.723969866198,24677.945973783197,0
2025-05-14 13:45:00+05:30,24628.55,24635.75,24614.7,24623.4,0,24623.4,-12.780230547527026,43.084330464566115,24638.169306069416,24675.806915987778,1
2025-05-14 13:50:00+05:30,24622.95,24631.5,24620.45,24629.95,0,24629.95,-11.974830475894123,45.43169664458013,24637.386515015187,24674.008605556883,0
2025-05-14 13:55:00+05:30,24629.7,24638.2,24619.5,24621.8,0,24621.8,-11.857496169330261,43.05240643406869,24635.902085013742,24671.961209260535,0
2025-05-14 14:00:00+05:30,24618.9,24620.0,24596.75,24601.05,0,24601.05,-13.285710075368115,37.64661190384196,24632.58283882196,24669.18037752483,1
2025-05-14 14:05:00+05:30,24599.95,24615.25,24599.95,24615.25,0,24615.25,-13.120513448178826,42.92791139275011,24630.932092267485,24667.06546075915,0
2025-05-14 14:10:00+05:30,24614.95,24616.35,24598.9,24615.0,0,24615.0,-12.861507390429324,42.859084213068044,24629.41475014677,24665.02367798428,1
2025-05-14 14:15:00+05:30,24614.55,24618.7,24605.65,24618.4,0,24618.4,-12.24078746039595,44.17010806778017,24628.365726323267,24663.195298455485,1
2025-05-14 14:20:00+05:30,24617.1,24633.0,24614.5,24629.75,0,24629.75,-10.709559168088163,48.424237350525225,24628.49756191153,24661.8837181239,0
2025-05-14 14:25:00+05:30,24628.55,24630.3,24609.1,24611.2,0,24611.2,-10.867604703536927,42.6978277004712,24626.850175062813,24659.89612133473,0
2025-05-14 14:30:00+05:30,24609.8,24618.2,24577.7,24586.15,0,24586.15,-12.865872804490209,36.432336215338935,24622.973967913975,24657.004116576503,1
2025-05-14 14:35:00+05:30,24585.05,24599.0,24584.95,24586.55,0,24586.55,-14.252939005473308,36.59233918382987,24619.505018588832,24654.24121004409,1
2025-05-14 14:40:00+05:30,24585.0,24665.65,24585.0,24625.55,0,24625.55,-12.06613401757204,49.84722658190238,24620.080731104183,24653.116064552163,1
2025-05-14 14:45:00+05:30,24624.95,24636.55,24618.4,24633.55,0,24633.55,-9.577142827423813,52.0610008591137,24621.36351861807,24652.34876790306,0
2025-05-14 14:50:00+05:30,24633.05,24637.7,24624.15,24632.95,0,24632.95,-7.5658005237201,51.87605217412103,24622.466993035396,24651.58803190686,1
2025-05-14 14:55:00+05:30,24633.05,24642.05,24629.45,24633.25,0,24633.25,-5.879810963568161,51.96793295957548,24623.493946079645,24650.86889340071,1
2025-05-14 15:00:00+05:30,24633.3,24667.05,24632.25,24659.8,0,24659.8,-2.3739238613015914,59.36258121451775,24626.95166550063,24651.219132875194,1
2025-05-14 15:05:00+05:30,24659.8,24673.4,24658.6,24673.4,0,24673.4,1.484807331202319,62.54363450236591,24631.37531640533,24652.088970801655,0
2025-05-14 15:10:00+05:30,24672.65,24675.2,24661.0,24669.55,0,24669.55,4.1839863870845875,61.08585450226399,24635.011000557206,24652.77371704473,0
2025-05-14 15:15:00+05:30,24669.55,24670.75,24651.3,24657.7,0,24657.7,5.305747910784703,56.704871694839845,24637.171857646994,24652.966904611603,1
2025-05-14 15:20:00+05:30,24658.15,24678.9,24657.55,24677.6,0,24677.6,7.71162092324812,61.67565717740584,24641.02215691871,24653.932908352326,1
2025-05-14 15:25:00+05:30,24678.35,24696.75,24678.35,24685.75,0,24685.75,10.158824896851002,63.522784712413355,24645.28195149788,24655.180637436548,0
2025-05-15 09:15:00+05:30,24694.45,24706.75,24605.2,24622.7,0,24622.7,6.930750233466824,45.323396782975436,24643.131289450463,24653.90688694884,0
2025-05-15 09:20:00+05:30,24620.0,24625.2,24584.65,24621.7,0,24621.7,4.242876919041009,45.102683116770756,24641.090214264706,24652.643871774377,0
2025-05-15 09:25:00+05:30,24619.5,24628.55,24601.15,24611.85,0,24611.85,1.3028864086627436,42.88726336874465,24638.305431953784,24651.04411209695,0
2025-05-15 09:30:00+05:30,24611.3,24626.15,24596.3,24596.3,0,24596.3,-2.2558285086852266,39.58183033262713,24634.304914624852,24648.89728417158,0
2025-05-15 09:35:00+05:30,24594.65,24594.65,24561.35,24564.05,0,24564.05,-7.590937591980037,33.768833386832654,24627.613970374867,24645.569939694265,0
2025-05-15 09:40:00+05:30,24564.55,24574.85,24538.2,24546.9,0,24546.9,-13.052451117728197,31.149034793987315,24619.92692557726,24641.700530294493,1
2025-05-15 09:45:00+05:30,24545.3,24556.8,24494.45,24547.65,0,24547.65,-17.12283976476465,31.3996802350268,24613.043408855614,24638.012274204513,1
2025-05-15 09:50:00+05:30,24545.9,24585.55,24530.25,24555.4,0,24555.4,-19.49852500372799,34.07055969463899,24607.55356039318,24634.772577176886,1
2025-05-15 09:55:00+05:30,24554.9,24575.65,24540.3,24560.75,0,24560.75,-20.710830817690294,35.92516877536096,24603.096078450973,24631.86973101309,0
2025-05-15 10:00:00+05:30,24560.7,24571.05,24537.35,24542.55,0,24542.55,-22.876474052929552,32.56874838139491,24597.329785265167,24628.366996463556,0
2025-05-15 10:05:00+05:30,24542.45,24553.5,24511.5,24528.7,0,24528.7,-25.41734582922072,30.252417049424924,24590.793615239912,24624.458486798318,1
2025-05-15 10:10:00+05:30,24527.35,24568.5,24523.15,24561.7,0,24561.7,-24.485922339659737,41.016541211459476,24588.022794740875,24621.997369668974,0
2025-05-15 10:15:00+05:30,24562.2,24586.8,24546.6,24546.6,0,24546.6,-24.681691145957302,38.117703174892775,24584.077766670314,24619.040610074113,1
2025-05-15 10:20:00+05:30,24547.8,24571.85,24533.2,24567.55,0,24567.55,-22.882573360053357,44.02822418659643,24582.503693654093,24617.021370463364,0
2025-05-15 10:25:00+05:30,24568.65,24575.5,24551.45,24564.95,0,24564.95,-21.419645483802014,43.4732718656058,24580.831913306083,24614.97935593539,1
2025-05-15 10:30:00+05:30,24564.5,24627.25,24564.5,24622.15,0,24622.15,-15.466415432794747,56.47199353109139,24584.766969181695,24615.260557663416,1
2025-05-15 10:35:00+05:30,24620.8,24738.95,24611.25,24738.95,0,24738.95,-1.308569490465743,71.0908547806684,24599.451067354865,24620.111124029558,1
2025-05-15 10:40:00+05:30,24742.8,24807.75,24736.5,24745.9,0,24745.9,10.353088378771645,71.69991351356913,24613.39858474964,24625.044021126436,0
2025-05-15 10:45:00+05:30,24745.35,24763.15,24693.95,24725.2,0,24725.2,17.720448950069112,67.16139749582412,24624.046338583008,24628.971706572458,0
2025-05-15 10:50:00+05:30,24724.15,24739.8,24696.8,24704.65,0,24704.65,21.651338868319726,62.9044088646797,24631.722877765576,24631.939482785303,1
2025-05-15 10:55:00+05:30,24704.45,24790.15,24703.15,24780.3,0,24780.3,30.519114857052045,70.3539756296701,24645.873079883142,24637.75754228392,0
2025-05-15 11:00:00+05:30,24782.8,24783.95,24711.8,24712.3,0,24712.3,31.694504992308794,58.903258092803846,24652.199453227604,24640.680775919845,0
2025-05-15 11:05:00+05:30,24711.4,24718.7,24668.05,24693.8,0,24693.8,30.778420283550076,56.22224025498037,24656.16141006307,24642.76388274652,0
2025-05-15 11:10:00+05:30,24694.5,24695.15,24600.6,24617.25,0,24617.25,23.603386163769756,46.74188233523979,24652.455561485633,24641.763338325087,1
2025-05-15 11:15:00+05:30,24617.25,24683.2,24608.55,24654.6,0,24654.6,20.692423407090246,51.07662289801195,24652.659793725095,24642.26673682214,0
2025-05-15 11:20:00+05:30,24654.75,24662.8,24603.75,24614.9,0,24614.9,15.008991920723929,46.72353373957476,24649.063622894133,24641.19353145657,1
2025-05-15 11:25:00+05:30,24615.5,24658.0,24614.45,24643.8,0,24643.8,12.690531446551176,50.06021034059084,24648.562325475643,24641.295745909254,0
2025-05-15 11:30:00+05:30,24640.3,24643.55,24607.9,24619.95,0,24619.95,8.826888266539754,47.42070851217132,24645.83734209701,24640.45865783438,1
2025-05-15 11:35:00+05:30,24620.95,24636.25,24601.15,24623.0,0,24623.0,5.942530923039158,47.79975976652616,24643.66235713539,24639.774004585975,1
2025-05-15 11:40:00+05:30,24623.4,24647.3,24613.8,24635.85,0,24635.85,4.640056868469401,49.45311279816386,24642.918323122492,24639.62012205319,0
2025-05-15 11:45:00+05:30,24636.15,24659.95,24627.85,24628.4,0,24628.4,2.9724198528529087,48.49410990969678,24641.535625682256,24639.18011726679,1
2025-05-15 11:50:00+05:30,24628.7,24631.15,24614.05,24628.8,0,24628.8,1.6639017368797795,48.55179783060852,24640.32270895061,24638.77305384456,1
2025-05-15 11:55:00+05:30,24629.8,24651.7,24628.9,24628.9,0,24628.9,0.6277248455990048,48.56730712165006,24639.2348319077,24638.385875262422,1
2025-05-15 12:00:00+05:30,24629.4,24639.75,24616.45,24639.7,0,24639.7,0.6702902459255711,50.30952834753582,24639.27913363078,24638.437409565857,1
2025-05-15 12:05:00+05:30,24639.55,24707.9,24639.2,24699.8,0,24699.8,5.490302565318416,58.694591832833915,24645.043025665942,24640.843785661316,0
2025-05-15 12:10:00+05:30,24700.5,24700.5,24651.1,24661.05,0,24661.05,6.112929851846275,52.538655633576134,24646.567499412045,24641.636186223615,1
2025-05-15 12:15:00+05:30,24662.05,24740.05,24662.05,24697.5,0,24697.5,9.438772542409424,57.09687725028557,24651.418213753757,24643.82692401877,0
2025-05-15 12:20:00+05:30,24696.9,24696.9,24637.8,24659.95,0,24659.95,8.94148379521721,51.599014431793194,24652.230764824828,24644.45920150823,0
2025-05-15 12:25:00+05:30,24659.65,24659.65,24629.9,24635.55,0,24635.55,6.503534106730513,48.3416413498573,24650.642120555796,24644.109821056925,1
2025-05-15 12:30:00+05:30,24635.95,24652.95,24626.3,24649.8,0,24649.8,5.656097352424695,50.31436679794147,24650.5619185981,24644.332965329202,1
2025-05-15 12:35:00+05:30,24649.35,24699.8,24639.55,24686.05,0,24686.05,7.819432119253179,55.02005153069623,24653.941735874472,24645.968927473154,0
2025-05-15 12:40:00+05:30,24685.65,24687.6,24637.15,24643.55,0,24643.55,6.034928792760184,49.143486271880406,24652.95204674357,24645.874067572244,1
2025-05-15 12:45:00+05:30,24643.3,24655.65,24636.15,24648.15,0,24648.15,4.934991100577463,49.76884514814945,24652.494708958468,24645.963319824314,1
2025-05-15 12:50:00+05:30,24648.5,24681.8,24639.2,24676.8,0,24676.8,6.302447426067374,53.59611067303107,24654.80949858147,24647.17260139983,1
2025-05-15 12:55:00+05:30,24676.9,24692.2,24675.35,24683.95,0,24683.95,7.872363949729333,54.527287984688186,24657.584784430856,24648.61485232533,1
2025-05-15 13:00:00+05:30,24683.55,24752.3,24683.55,24734.65,0,24734.65,13.057086423257715,60.569511199637745,24664.924328770776,24651.98877968512,1
2025-05-15 13:05:00+05:30,24734.45,24856.9,24733.6,24814.95,0,24814.95,23.37609022532706,67.85490308155423,24679.212487935463,24658.379415775904,1
2025-05-15 13:10:00+05:30,24813.9,24888.9,24813.9,24886.3,0,24886.3,36.88612351498159,72.68433123867834,24698.935108132086,24667.31747790234,1
2025-05-15 13:15:00+05:30,24887.15,24917.8,24850.7,24886.45,0,24886.45,47.06251855941082,72.69361934280285,24716.793669262363,24675.910910141465,0
2025-05-15 13:20:00+05:30,24885.75,24888.85,24848.8,24880.05,0,24880.05,53.988611331435095,71.57533555509407,24732.341891237375,24683.916364645724,1
2025-05-15 13:25:00+05:30,24881.25,24905.3,24863.25,24903.6,0,24903.6,60.67841494106324,73.20856546768546,24748.652187310006,24692.53140916942,1
2025-05-15 13:30:00+05:30,24905.25,24977.15,24905.25,24965.4,0,24965.4,70.15813668717601,76.9512379959547,24769.294836137626,24703.2321382216,1
2025-05-15 13:35:00+05:30,24965.15,24994.05,24940.1,24984.65,0,24984.65,78.32135871974242,77.98298051828225,24789.804851743567,24714.268132801146,1
2025-05-15 13:40:00+05:30,24984.15,25003.05,24977.8,24986.25,0,24986.25,83.95212972851004,78.07084625021812,24808.513913482275,24724.934088377573,1
2025-05-15 13:45:00+05:30,24987.35,25065.6,24987.25,25040.75,0,25040.75,91.75456137665242,80.87118333741613,24830.631636007773,24737.319026088255,1
2025-05-15 13:50:00+05:30,25043.55,25076.35,25041.55,25064.95,0,25064.95,98.7524259285965,81.97205862753661,24852.947670673697,24750.16729957499,1
2025-05-15 13:55:00+05:30,25065.9,25089.8,25057.45,25076.65,0,25076.65,104.04303290315511,82.49653886998999,24874.25265441906,24762.970542728915,0
2025-05-15 14:00:00+05:30,25074.6,25079.95,25037.05,25071.95,0,25071.95,106.62749098403947,81.47116183878485,24893.080973045813,24775.087384190527,0
2025-05-15 14:05:00+05:30,25071.75,25074.15,25053.25,25063.85,0,25063.85,106.79106935528762,79.63412066676435,24909.344689898593,24786.411408339918,1
2025-05-15 14:10:00+05:30,25063.55,25106.05,25063.55,25091.0,0,25091.0,107.86804877030954,81.16698699666902,24926.645195622536,24798.356058993253,1
2025-05-15 14:15:00+05:30,25091.5,25109.35,25070.5,25098.1,0,25098.1,108.04895231460978,81.55790403017313,24942.974224610865,24810.110723346457,0
2025-05-15 14:20:00+05:30,25095.75,25106.0,25078.05,25086.95,0,25086.95,106.06990007935019,78.79193227265954,24956.686203219353,24820.967165568163,1
2025-05-15 14:25:00+05:30,25087.7,25116.25,25083.9,25105.45,0,25105.45,104.78637026449724,80.00368287737831,24970.85418386513,24832.123355153726,0
2025-05-15 14:30:00+05:30,25104.85,25108.15,25044.35,25058.25,0,25058.25,98.82136690226616,69.14822527912308,24979.177594925593,24840.991066716324,1
2025-05-15 14:35:00+05:30,25057.0,25090.05,25049.2,25065.55,0,25065.55,93.60409797855391,69.83005851698557,24987.403538266015,24849.79729939412,1
2025-05-15 14:40:00+05:30,25066.2,25088.85,25055.85,25087.45,0,25087.45,90.1967893006804,71.84066184908633,24996.93177271687,24859.117013143372,0
2025-05-15 14:45:00+05:30,25089.15,25089.15,25063.65,25070.1,0,25070.1,85.11531624193958,67.97569616876945,25003.900175315262,24867.3908557652,0
2025-05-15 14:50:00+05:30,25070.55,25076.05,25061.4,25067.05,0,25067.05,79.92082519885662,67.29034506567771,25009.914444332855,24875.22062612735,0
2025-05-15 14:55:00+05:30,25068.75,25068.75,25040.0,25064.4,0,25064.4,74.72889261298042,66.66146902355953,25015.10354487258,24882.63942510275,1
2025-05-15 15:00:00+05:30,25065.0,25082.15,25048.6,25079.85,0,25079.85,71.042006483156,68.50929863036033,25021.269873932335,24890.373173137938,1
2025-05-15 15:05:00+05:30,25079.9,25085.6,25073.55,25081.05,0,25081.05,67.43955146425651,68.65461898896484,25026.963219272115,24897.850695759982,0
2025-05-15 15:10:00+05:30,25081.2,25081.75,25056.05,25056.4,0,25056.4,61.88219153247337,62.29517829594881,25029.76672219858,24904.068315534103,0
2025-05-15 15:15:00+05:30,25055.2,25061.8,25043.65,25050.1,0,25050.1,56.32036034338671,60.746439083392445,25031.703224846333,24909.795048258256,1
2025-05-15 15:20:00+05:30,25050.45,25063.45,25050.35,25058.3,0,25058.3,51.97510388078808,62.06829527234516,25034.236251051443,24915.61877185597,0
2025-05-15 15:25:00+05:30,25057.9,25062.45,25035.3,25035.3,0,25035.3,46.14363395845794,56.33766177910699,25034.337560475113,24920.312153351817,0
2025-05-16 09:15:00+05:30,25064.65,25065.25,24994.5,25003.7,0,25003.7,38.52816739300397,49.56647517913275,25031.41969757272,24923.582264985078,0
2025-05-16 09:20:00+05:30,25003.5,25023.7,24984.0,25001.7,0,25001.7,31.963022164876747,49.163722609401724,25028.589250184843,24926.645705573897,1
2025-05-16 09:25:00+05:30,25000.4,25035.25,24993.55,25033.6,0,25033.6,28.99986824352527,55.38999261239245,25029.066464452953,24930.839991629822,0
2025-05-16 09:30:00+05:30,25033.25,25070.0,25007.85,25009.3,0,25009.3,24.40936453598988,50.33284148937404,25027.18394402886,24933.916854703162,0
2025-05-16 09:35:00+05:30,25007.7,25024.95,24997.9,25003.15,0,25003.15,20.04404836015965,49.110747262436455,25024.89499697849,24936.63188000892,1
2025-05-16 09:40:00+05:30,25004.75,25038.8,24983.15,25017.1,0,25017.1,17.508327158466273,51.960056009897805,25024.152616313873,24939.787492557592,0
2025-05-16 09:45:00+05:30,25017.25,25030.7,25008.0,25013.5,0,25013.5,15.034946420291817,51.16391466136218,25023.138081426838,24942.678179123963,0
2025-05-16 09:50:00+05:30,25013.9,25015.4,24975.8,24979.15,0,24979.15,10.18560314770366,44.20417792703144,25018.94874033857,24944.108446609298,1
2025-05-16 09:55:00+05:30,24977.8,25004.95,24977.8,24992.15,0,24992.15,7.307221915358241,47.1350583337272,25016.396479353945,24945.992429095208,1
2025-05-16 10:00:00+05:30,24991.55,25028.9,24989.25,25021.8,0,25021.8,7.334048905224336,53.17632421316038,25016.911100367855,24948.965275013044,0
2025-05-16 10:05:00+05:30,25021.85,25023.45,25006.1,25007.05,0,25007.05,6.094850120589399,50.10854573030835,25015.971947951868,24951.243107365477,0
2025-05-16 10:10:00+05:30,25007.1,25008.85,24993.15,25005.15,0,25005.15,4.9029439489168,49.710711701080506,25014.941286242167,24953.357103155067,1
2025-05-16 10:15:00+05:30,25005.65,25027.35,24999.85,25022.7,0,25022.7,5.313240322124329,53.39167767988346,25015.680211361963,24956.076432443104,0
2025-05-16 10:20:00+05:30,25022.85,25040.85,24990.35,24993.0,0,24993.0,3.2049170780846907,47.10760306693039,25013.52019123225,24957.524415484553,1
2025-05-16 10:25:00+05:30,24993.2,25013.75,24987.6,25007.45,0,25007.45,2.6692801537974447,50.17993501021639,25012.94207778156,24959.482281543984,0
2025-05-16 10:30:00+05:30,25006.9,25013.15,24998.6,25000.3,0,25000.3,1.6488320774660679,48.673365606614475,25011.738070373794,24961.082976385398,0
2025-05-16 10:35:00+05:30,25000.15,25007.6,24983.7,24993.9,0,24993.9,0.3200043016804557,47.30431830801611,25010.039206528672,24962.369918487933,1
2025-05-16 10:40:00+05:30,24994.2,25014.3,24993.85,24996.6,0,24996.6,-0.5093622383428738,47.96921765273067,25008.759282097373,24963.712274625665,0
2025-05-16 10:45:00+05:30,24996.75,25003.8,24991.8,24996.35,0,24996.35,-1.1732891601495794,47.9089397178148,25007.577445707146,24964.99218542466,0
2025-05-16 10:50:00+05:30,24995.75,24999.7,24991.45,24991.95,0,24991.95,-2.0310861597354233,46.79442152055658,25006.08911754456,24966.049354623694,1
2025-05-16 10:55:00+05:30,24991.2,25004.6,24991.1,25000.9,0,25000.9,-1.9660429410723737,49.37428551847674,25005.59491587365,24967.416046599235,0
2025-05-16 11:00:00+05:30,25001.45,25001.45,24979.3,24989.45,0,24989.45,-2.8060684199954267,46.28240504817559,25004.057304838065,24968.28012320319,0
2025-05-16 11:05:00+05:30,24989.2,24989.2,24953.05,24956.5,0,24956.5,-6.060720081030013,38.760238741135005,24999.52803771063,24967.81815758738,1
2025-05-16 11:10:00+05:30,24956.1,24975.6,24954.85,24975.45,0,24975.45,-7.029911894307588,44.36097359194527,24997.234891262,24968.11744552513,1
2025-05-16 11:15:00+05:30,24975.15,24985.3,24969.2,24985.0,0,24985.0,-6.94731389167282,46.99203795427187,24996.06966352276,24968.77950648493,0
2025-05-16 11:20:00+05:30,24984.7,24985.3,24972.6,24978.4,0,24978.4,-7.3299244150584855,45.39439606112593,24994.38683842536,24969.156780740424,0
2025-05-16 11:25:00+05:30,24977.6,24978.6,24958.7,24961.9,0,24961.9,-8.862397908709681,41.58772768930705,24991.29285381342,24968.872201103542,1
2025-05-16 11:30:00+05:30,24961.85,24994.55,24960.25,24994.45,0,24994.45,-7.365476595659857,50.420493794497155,24991.59353440262,24969.87525204066,0
2025-05-16 11:35:00+05:30,24994.2,24997.9,24985.7,24986.6,0,24986.6,-6.7349487681058235,48.51514997903227,24991.117959697607,24970.531124509653,0
2025-05-16 11:40:00+05:30,24986.4,24987.7,24975.15,24981.3,0,24981.3,-6.586985954287229,47.21778326677766,24990.182915916885,24970.95343335241,1
2025-05-16 11:45:00+05:30,24981.15,24992.0,24980.7,24986.2,0,24986.2,-6.005112114919029,48.58666534967863,24989.803590591466,24971.551337926823,0
2025-05-16 11:50:00+05:30,24986.0,24988.5,24975.65,24975.95,0,24975.95,-6.298457544304256,45.904729912966175,24988.484201011328,24971.723834478715,0
2025-05-16 11:55:00+05:30,24975.4,24981.1,24971.4,24973.55,0,24973.55,-6.647962281924265,45.27456020130042,24987.061896153107,24971.795448812885,1
2025-05-16 12:00:00+05:30,24973.7,24991.55,24972.8,24988.95,0,24988.95,-5.6175404976456775,50.016149762593926,24987.2417155671,24972.46817631042,0
2025-05-16 12:05:00+05:30,24989.25,24990.65,24982.2,24983.65,0,24983.65,-5.169004450159264,48.45997726446215,24986.899647417853,24972.90667920021,0
2025-05-16 12:10:00+05:30,24983.5,24984.4,24974.0,24976.05,0,24976.05,-5.364949091585004,46.23834503778451,24985.866347663774,24973.029946682553,1
2025-05-16 12:15:00+05:30,24974.65,24982.3,24968.8,24979.05,0,24979.05,-5.218011712739099,47.266057325416725,24985.217171695796,24973.26602720481,0
2025-05-16 12:20:00+05:30,24979.0,24983.2,24974.7,24977.6,0,24977.6,-5.159094829454261,46.800385692619265,24984.491726772387,24973.435986922268,1
2025-05-16 12:25:00+05:30,24977.3,24988.6,24976.9,24988.55,0,24988.55,-4.180637501187448,50.74674095018145,24984.87822898454,24974.028693317472,1
2025-05-16 12:30:00+05:30,24988.25,25004.1,24982.25,25002.65,0,25002.65,-2.2416109619371127,55.340720752736644,24986.570778605063,24975.1510975011,0
2025-05-16 12:35:00+05:30,25004.15,25004.6,24991.5,24995.65,0,24995.65,-1.255289759250445,52.71209939091222,24987.43546635696,24975.95497603047,1
2025-05-16 12:40:00+05:30,24995.15,25002.6,24992.6,25001.55,0,25001.55,0.00242958483795519,54.6666188068668,24988.779707656297,24976.958702460648,1
2025-05-16 12:45:00+05:30,25001.5,25018.5,24999.0,25002.7,0,25002.7,1.079532437503076,55.056549017406944,24990.10544978427,24977.96816510925,1
2025-05-16 12:50:00+05:30,25003.05,25012.9,25000.75,25004.15,0,25004.15,2.0267835905870015,55.57540531399144,24991.44302599529,24978.99490373242,0
2025-05-16 12:55:00+05:30,25004.4,25005.6,24988.65,24988.95,0,24988.95,1.533299068469205,49.16746104089729,24991.205594948122,24979.38529966448,1
2025-05-16 13:00:00+05:30,24988.9,24999.6,24986.85,24998.55,0,24998.55,1.8950043680233648,52.86404619911998,24991.90506209592,24980.13685654038,0
2025-05-16 13:05:00+05:30,24998.85,25007.45,24995.2,24997.05,0,24997.05,2.03713809994224,52.22498573172622,24992.395056182024,24980.80011706821,1
2025-05-16 13:10:00+05:30,24997.0,25008.6,24994.9,25006.8,0,25006.8,2.90305896569771,55.952353936295125,24993.76695559326,24981.819720320436,1
2025-05-16 13:15:00+05:30,25006.75,25015.5,25004.1,25010.4,0,25010.4,3.835583188541932,57.277727740581106,24995.351055060568,24982.94051560199,0
2025-05-16 13:20:00+05:30,25010.95,25015.4,25005.5,25008.5,0,25008.5,4.370916033352842,56.314624913668275,24996.60333553099,24983.94284832348,1
2025-05-16 13:25:00+05:30,25008.25,25034.8,25007.45,25029.75,0,25029.75,6.435682039591484,63.67193639576386,24999.760160718513,24985.73920721276,0
2025-05-16 13:30:00+05:30,25029.9,25031.9,25018.65,25020.2,0,25020.2,7.218211736337253,58.873169934763816,25001.706812078657,24987.090610851476,0
2025-05-16 13:35:00+05:30,25021.1,25025.6,25015.35,25016.75,0,25016.75,7.473832305167889,57.19611047683437,25003.139496642594,24988.25372415142,0
2025-05-16 13:40:00+05:30,25017.0,25017.3,24997.25,25001.25,0,25001.25,6.352465716012375,50.2679280991098,25002.959544581394,24988.76338202783,1
2025-05-16 13:45:00+05:30,24999.9,25012.3,24994.45,25008.35,0,25008.35,5.967891143700399,53.072042948702325,25003.47292128793,24989.53148469341,1
2025-05-16 13:50:00+05:30,25008.6,25020.3,25008.05,25016.7,0,25016.7,6.2646729899715865,56.199901746384036,25004.73264307003,24990.596916666218,0
2025-05-16 13:55:00+05:30,25017.05,25020.3,25010.6,25014.2,0,25014.2,6.226371895281773,55.01752799251722,25005.63429611098,24991.52252777735,1
2025-05-16 14:00:00+05:30,25014.55,25022.5,25010.25,25020.75,0,25020.75,6.647915232540981,57.538130206635316,25007.073886957554,24992.66870315863,1
2025-05-16 14:05:00+05:30,25020.95,25031.5,25019.15,25026.75,0,25026.75,7.381056989856006,59.762401134999784,25008.947802485407,24994.00522460339,0
2025-05-16 14:10:00+05:30,25027.0,25032.95,25018.1,25019.95,0,25019.95,7.328891050547099,56.171161999572334,25009.99563082013,24995.022666775803,0
2025-05-16 14:15:00+05:30,25019.6,25025.05,24999.7,25002.1,0,25002.1,5.780568550511816,48.014656967401045,25009.243665980117,24995.300209255183,1
2025-05-16 14:20:00+05:30,25003.4,25015.4,25000.3,25013.5,0,25013.5,5.411021651045303,52.73508020734566,25009.649031124867,24996.013926539294,0
2025-05-16 14:25:00+05:30,25013.55,25018.95,25002.3,25003.1,0,25003.1,4.230196910426457,48.415901076190664,25009.02531387488,24996.291811773048,0
2025-05-16 14:30:00+05:30,25002.7,25004.5,24992.35,25000.3,0,25000.3,3.0334801260651147,47.29283242216317,25008.194331601084,24996.448995625087,1
2025-05-16 14:35:00+05:30,25001.9,25018.0,24996.1,25015.8,0,25015.8,3.297779168216948,53.69600360781777,25008.91868097241,24997.20785854175,0
2025-05-16 14:40:00+05:30,25015.7,25019.8,25011.85,25014.95,0,25014.95,3.3994632705507684,53.313500870974046,25009.493092308367,24997.90362879502,0
2025-05-16 14:45:00+05:30,25014.4,25017.9,25008.7,25010.35,0,25010.35,3.0734384131719708,51.18836157813571,25009.574702564714,24998.39172178345,1
2025-05-16 14:50:00+05:30,25011.05,25019.45,25008.35,25013.1,0,25013.1,3.0023541127957287,52.40967852549614,25009.9104451776,24998.96851700763,0
2025-05-16 14:55:00+05:30,25013.4,25016.5,25005.3,25011.9,0,25011.9,2.81671992745396,51.80060036585016,25010.099926589257,24999.475633987724,1
2025-05-16 15:00:00+05:30,25012.3,25027.7,25011.65,25023.25,0,25023.25,3.5445937716758635,56.9023003986743,25011.35231453314,25000.407962066634,1
2025-05-16 15:05:00+05:30,25023.65,25032.9,25020.05,25032.9,0,25032.9,4.844271640831721,60.71007014918355,25013.40447505379,25001.68215963265,0
2025-05-16 15:10:00+05:30,25033.15,25034.5,25023.55,25024.2,0,25024.2,5.113315308790334,55.913712684916526,25014.432620286763,25002.565212196077,0
2025-05-16 15:15:00+05:30,25025.45,25025.6,25015.35,25017.0,0,25017.0,4.6914741334476275,52.23567680557533,25014.677132640405,25003.131282306036,0
2025-05-16 15:20:00+05:30,25017.5,25018.3,25010.8,25015.95,0,25015.95,4.223747011645173,51.70155206159608,25014.798358103224,25003.633977117563,0
2025-05-16 15:25:00+05:30,25015.0,25018.9,25002.7,25013.1,0,25013.1,3.581809842009534,50.20107710528915,25014.63660971244,25004.00519370119,1
2025-05-19 09:15:00+05:30,25005.35,25058.7,24965.8,25026.5,0,25026.5,4.106995138252387,56.58143778836514,25015.766456406494,25004.88734296781,1
2025-05-19 09:20:00+05:30,25027.85,25047.15,25006.15,25044.85,0,25044.85,5.935479400111944,63.48151548048721,25018.536317701113,25006.45450598868,0
2025-05-19 09:25:00+05:30,25043.7,25043.7,25003.35,25014.45,0,25014.45,4.8753405237912375,49.45849324428922,25018.14714458672,25006.768054773438,1
2025-05-19 09:30:00+05:30,25014.15,25056.55,25013.5,25032.9,0,25032.9,5.460982822700316,55.83496430115139,25019.552178435602,25007.79283693919,0
2025-05-19 09:35:00+05:30,25032.95,25033.95,24983.4,24984.5,0,24984.5,1.9966172982240096,41.16338256317862,25016.21387572745,25006.879392353338,1
2025-05-19 09:40:00+05:30,24984.65,25022.45,24978.0,25009.25,0,25009.25,1.2339763055642834,48.60109056127149,25015.550649467692,25006.97235735909,1
2025-05-19 09:45:00+05:30,25008.75,25019.75,24994.55,25018.1,0,25018.1,1.3283860542724142,50.98700790282743,25015.793444756484,25007.40873550187,0
2025-05-19 09:50:00+05:30,25018.65,25029.3,25006.65,25014.8,0,25014.8,1.1239676402474288,50.05397825823672,25015.698830970152,25007.6985890116,0
2025-05-19 09:55:00+05:30,25014.4,25016.55,24996.25,25013.1,0,25013.1,0.8153894795141241,49.55093259034039,25015.45132325871,25007.910409050364,1
2025-05-19 10:00:00+05:30,25013.65,25035.65,25002.05,25032.1,0,25032.1,2.080003291139292,54.9949490917149,25017.036911519783,25008.859020460157,1
2025-05-19 10:05:00+05:30,25032.6,25043.95,25026.45,25042.75,0,25042.75,3.896666496359103,57.747285980951936,25019.48577708933,25010.188078481326,0
2025-05-19 10:10:00+05:30,25042.5,25049.4,25034.4,25040.85,0,25040.85,5.1240047170176695,57.07664903100057,25021.52046498558,25011.390506776177,1
2025-05-19 10:15:00+05:30,25040.2,25062.95,25038.65,25041.1,0,25041.1,6.047144294832833,57.14716809161862,25023.385182605998,25012.555584941816,1
2025-05-19 10:20:00+05:30,25040.4,25055.75,25038.85,25052.6,0,25052.6,7.618867390898231,60.37234668771862,25026.167546167333,25014.125954159783,0
2025-05-19 10:25:00+05:30,25053.4,25058.15,25015.65,25024.1,0,25024.1,6.489945401874138,50.27401725260449,25025.97063700854,25014.517093212344,0
2025-05-19 10:30:00+05:30,25024.1,25035.65,25015.4,25023.75,0,25023.75,5.503582642366382,50.16304784676766,25025.759147769633,25014.879167988332,0
2025-05-19 10:35:00+05:30,25024.1,25026.75,25011.1,25011.7,0,25011.7,3.706818854803714,46.36828701873021,25024.42018131538,25014.754494733887,0
2025-05-19 10:40:00+05:30,25011.8,25018.7,25001.95,25003.35,0,25003.35,1.5907581226165348,43.89054773945145,25022.41349738058,25014.30725964628,1
2025-05-19 10:45:00+05:30,25003.75,25012.75,24999.45,25012.7,0,25012.7,0.6606164307559084,47.28726885339977,25021.488402391955,25014.24422985623,1
2025-05-19 10:50:00+05:30,25012.5,25039.9,25008.25,25036.3,0,25036.3,1.8069656302286603,54.735699089023555,25022.899030735578,25015.109162018733,0
2025-05-19 10:55:00+05:30,25035.95,25040.6,25032.05,25034.8,0,25034.8,2.5648521468465333,54.2113704715133,25024.03245637981,25015.881351743486,1
2025-05-19 11:00:00+05:30,25034.9,25042.75,25023.5,25041.85,0,25041.85,3.691801957338612,56.328807413735035,25025.729365296018,25016.89973010649,0
2025-05-19 11:05:00+05:30,25041.7,25045.85,25035.25,25039.5,0,25039.5,4.345203638411476,55.40900067525404,25027.040854315444,25017.786015200352,0
2025-05-19 11:10:00+05:30,25039.9,25040.9,25022.3,25027.05,0,25027.05,3.814447649070644,50.68677376283818,25027.04172533302,25018.14930872191,1
2025-05-19 11:15:00+05:30,25026.55,25043.1,25024.4,25038.0,0,25038.0,4.228647969113808,54.370141717936605,25028.085370539397,25018.927767203404,0
2025-05-19 11:20:00+05:30,25038.05,25039.65,25023.1,25025.15,0,25025.15,3.4799029438581783,49.6804834784899,25027.805811440405,25019.17177633268,1
2025-05-19 11:25:00+05:30,25025.2,25029.0,25023.0,25026.05,0,25026.05,2.925417206766724,50.00573920086274,25027.638591303225,25019.441510594144,0
2025-05-19 11:30:00+05:30,25026.15,25030.35,25009.5,25010.85,0,25010.85,1.2451173591034603,44.745303609527554,25026.039677845776,25019.10458861006,1
2025-05-19 11:35:00+05:30,25010.5,25020.8,25008.5,25013.3,0,25013.3,0.10989534331383766,45.73617981747661,25024.8263751938,25018.876957684173,0
2025-05-19 11:40:00+05:30,25013.0,25017.25,25006.95,25008.8,0,25008.8,-1.1397503424850584,44.16941795054137,25023.30005374677,25018.48178287303,0
2025-05-19 11:45:00+05:30,25008.1,25012.45,24999.4,24999.9,0,24999.9,-2.8158003773096425,41.16581836425739,25021.07147719946,25017.75308550546,1
2025-05-19 11:50:00+05:30,24999.95,25025.1,24998.95,25019.9,0,25019.9,-2.501414502861735,49.47981696787557,25020.959907942368,25017.837278230738,0
2025-05-19 11:55:00+05:30,25019.8,25022.35,25000.75,25001.75,0,25001.75,-3.674457883247669,43.475590837883914,25019.13039290024,25017.20640457463,0
2025-05-19 12:00:00+05:30,25001.6,25003.75,24979.65,24983.05,0,24983.05,-6.04337269257303,38.31659136323017,25015.694165004978,25015.86693772857,1
2025-05-19 12:05:00+05:30,24983.15,24996.3,24982.1,24987.95,0,24987.95,-7.439606543837726,40.31517831810339,25013.051863575933,25014.772155856863,0
2025-05-19 12:10:00+05:30,24988.4,24992.7,24979.1,24987.5,0,24987.5,-8.484637549314357,40.18640231889509,25010.61835275918,25013.70265954875,1
2025-05-19 12:15:00+05:30,24987.4,24998.85,24972.25,24997.05,0,24997.05,-8.444879647060588,44.25589988838463,25009.326128686876,25013.04961407625,1
2025-05-19 12:20:00+05:30,24997.85,25012.05,24997.0,25008.85,0,25008.85,-7.376181807438115,48.883592570062376,25009.28078309765,25012.88492332816,1
2025-05-19 12:25:00+05:30,25008.7,25017.5,25004.45,25010.55,0,25010.55,-6.31921134269578,49.53360177851513,25009.401660897875,25012.79335770745,0
2025-05-19 12:30:00+05:30,25009.85,25014.45,25005.65,25009.35,0,25009.35,-5.514813270969171,49.059361879877684,25009.39674081236,25012.65832407187,0
2025-05-19 12:35:00+05:30,25009.45,25011.8,25000.1,25001.7,0,25001.7,-5.43199639687009,46.03357878070099,25008.663717877847,25012.22858587297,1
2025-05-19 12:40:00+05:30,25001.55,25007.7,24999.95,25003.4,0,25003.4,-5.169595753093745,46.81854021756796,25008.16241141329,25011.88236681913,1
2025-05-19 12:45:00+05:30,25003.2,25009.7,24997.85,25005.2,0,25005.2,-4.761508687424794,47.68619954779514,25007.88027699298,25011.62031321838,1
2025-05-19 12:50:00+05:30,25004.85,25018.6,25003.15,25014.2,0,25014.2,-3.6695714287088776,51.91084994956868,25008.4821553746,25011.721477405896,0
2025-05-19 12:55:00+05:30,25013.75,25016.55,25010.0,25012.1,0,25012.1,-2.9397679191315547,50.87839904185563,25008.82671200559,25011.736321429195,0
2025-05-19 13:00:00+05:30,25011.25,25016.1,24995.75,25001.55,0,25001.55,-3.1760783555691887,45.93554288274997,25008.13369181458,25011.336857843737,0
2025-05-19 13:05:00+05:30,25001.45,25004.35,24983.35,24983.5,0,24983.5,-4.764913274651917,38.96143162142109,25005.787625927478,25010.24521635967,0
2025-05-19 13:10:00+05:30,24983.65,24986.0,24975.95,24980.55,0,24980.55,-6.190753587045037,37.94739991287804,25003.38404250581,25009.08069807106,1
2025-05-19 13:15:00+05:30,24980.45,24989.7,24974.7,24983.05,0,24983.05,-7.0378848450491205,39.387139950243615,25001.447467029066,25008.059886382,1
2025-05-19 13:20:00+05:30,24982.35,25006.1,24981.85,25002.5,0,25002.5,-6.069820903652726,49.25231154282131,25001.547708264392,25007.84185162192,0
2025-05-19 13:25:00+05:30,25002.45,25003.65,24988.8,24996.45,0,24996.45,-5.724815583147574,46.70588070605233,25001.06221223921,25007.39511234263,0
2025-05-19 13:30:00+05:30,24996.0,25004.0,24984.05,24989.75,0,24989.75,-5.923745140207757,43.99322204530208,24999.984858692616,25006.703147152723,1
2025-05-19 13:35:00+05:30,24991.1,24993.0,24981.6,24991.45,0,24991.45,-5.8764820280448475,44.86817510356445,24999.172015007607,25006.104984519283,0
2025-05-19 13:40:00+05:30,24990.85,24992.95,24978.25,24981.5,0,24981.5,-6.566216261784575,40.846071098260744,24997.488965959266,25005.14008316559,0
2025-05-19 13:45:00+05:30,24982.6,24985.45,24972.0,24974.75,0,24974.75,-7.570239194068563,38.33545185890278,24995.32335015362,25003.94831519831,1
2025-05-19 13:50:00+05:30,24977.65,24984.8,24970.45,24983.4,0,24983.4,-7.580567825410981,43.15718487827284,24994.187792996134,25003.142498916022,0
2025-05-19 13:55:00+05:30,24982.75,24984.7,24972.55,24975.0,0,24975.0,-8.172357290706714,39.89482385270697,24992.36038413936,25002.03887150755,0
2025-05-19 14:00:00+05:30,24974.45,24977.9,24943.8,24949.5,0,24949.5,-10.577065763045539,31.98932082629571,24988.278442792755,24999.978523605292,0
2025-05-19 14:05:00+05:30,24952.45,24954.1,24934.25,24940.5,0,24940.5,-13.058508973423159,29.748701950462944,24983.72811490773,24997.646032483517,0
2025-05-19 14:10:00+05:30,24942.25,24942.25,24919.3,24940.35,0,24940.35,-14.865810531715397,29.711349527200074,24979.5968658689,24995.399129248868,1
2025-05-19 14:15:00+05:30,24940.2,24960.2,24935.75,24958.7,0,24958.7,-14.648558926026453,39.68798477630897,24977.606688167103,24993.959947709696,0
2025-05-19 14:20:00+05:30,24958.75,24960.55,24944.6,24947.0,0,24947.0,-15.24474574292617,36.163439488558296,24974.691765484524,24992.118381132845,0
2025-05-19 14:25:00+05:30,24950.2,24951.7,24935.1,24938.85,0,24938.85,-16.188256830322644,33.9047280877772,24971.27826400981,24990.02942500999,1
2025-05-19 14:30:00+05:30,24938.5,24946.55,24932.55,24943.3,0,24943.3,-16.38800760443337,36.246175160150244,24968.613667437447,24988.196898539012,0
2025-05-19 14:35:00+05:30,24945.2,24948.2,24938.65,24942.5,0,24942.5,-16.421567241079174,35.99927443887602,24966.126651491024,24986.40486330219,0
2025-05-19 14:40:00+05:30,24942.15,24949.65,24938.55,24940.2,0,24940.2,-16.44419581974944,35.25572079824857,24963.657446587116,24984.592907878574,0
2025-05-19 14:45:00+05:30,24941.3,24942.8,24916.65,24929.85,0,24929.85,-17.100167545831937,32.04786487247961,24960.437689769296,24982.446127177453,0
2025-05-19 14:50:00+05:30,24931.55,24937.35,24919.0,24922.15,0,24922.15,-18.03347681788,29.870352352367966,24956.7912431246,24980.081573170497,1
2025-05-19 14:55:00+05:30,24923.2,24931.7,24921.4,24926.45,0,24926.45,-18.21617238068211,32.62351777264336,24953.901600922258,24977.978374222635,1
2025-05-19 15:00:00+05:30,24926.95,24958.5,24926.2,24948.65,0,24948.65,-16.38077805089779,44.69508325203237,24953.40144845347,24976.82824190018,0
2025-05-19 15:05:00+05:30,24947.9,24956.15,24936.25,24945.25,0,24945.25,-15.027340578264557,43.41222712003607,24952.62512002933,24975.589879472725,1
2025-05-19 15:10:00+05:30,24945.65,24949.5,24942.5,24945.65,0,24945.65,-13.763794517621136,43.61726311721732,24951.96082288368,24974.41576655223,0
2025-05-19 15:15:00+05:30,24945.35,24946.85,24940.3,24945.4,0,24945.4,-12.636927438568819,43.51114909747385,24951.335982609045,24973.2778933541,0
2025-05-19 15:20:00+05:30,24944.85,24947.95,24939.75,24945.25,0,24945.25,-11.622009613794944,43.44285728003911,24950.75636521771,24972.178760281393,0
2025-05-19 15:25:00+05:30,24944.8,24951.65,24927.45,24935.35,0,24935.35,-11.484145111608086,39.08288840162601,24949.28909233983,24970.73449517232,1
2025-05-20 09:15:00+05:30,24996.2,25010.35,24968.0,24976.15,0,24976.15,-7.990557309476571,57.855226988010934,24951.84727402175,24970.94686791066,0
2025-05-20 09:20:00+05:30,24975.6,24985.05,24936.0,24960.0,0,24960.0,-6.450674475225242,51.13759207644369,24952.62372411492,24970.51757897299,0
2025-05-20 09:25:00+05:30,24960.6,24971.5,24934.45,24935.65,0,24935.65,-7.11315174781339,43.025846177811516,24951.007178961117,24969.150222934837,0
2025-05-20 09:30:00+05:30,24935.4,24956.9,24916.75,24935.55,0,24935.55,-7.559102297585923,42.99568247674026,24949.535066679106,24967.83256713347,1
2025-05-20 09:35:00+05:30,24935.1,24961.7,24932.25,24956.45,0,24956.45,-6.155113670796709,50.764648470378404,24950.193631757284,24967.38619195177,0
2025-05-20 09:40:00+05:30,24956.35,24956.95,24913.9,24915.75,0,24915.75,-8.231702482622495,39.48045698163946,24946.91328587564,24965.361243247782,0
2025-05-20 09:45:00+05:30,24916.15,24916.15,24887.6,24898.05,0,24898.05,-11.176816765590047,35.757874723107285,24942.25963960177,24962.72158664983,0
2025-05-20 09:50:00+05:30,24898.3,24906.05,24863.4,24873.7,0,24873.7,-15.29932149708111,31.375024864239258,24935.730150115887,24959.230544036112,1
2025-05-20 09:55:00+05:30,24873.5,24897.45,24867.25,24894.05,0,24894.05,-16.73149105597622,38.19324429524528,24931.76061200961,24956.67444426999,0
2025-05-20 10:00:00+05:30,24893.65,24895.45,24874.3,24892.5,0,24892.5,-17.78653568410664,37.884497630679164,24928.021506103934,24954.157799396657,1
2025-05-20 10:05:00+05:30,24891.9,24909.85,24886.1,24897.0,0,24897.0,-18.05146767840415,39.41573000284607,24925.067076951178,24951.91631706738,1
2025-05-20 10:10:00+05:30,24897.0,24902.2,24888.6,24899.4,0,24899.4,-17.861867757372238,40.26155098461976,24922.622593432017,24949.856853652975,0
2025-05-20 10:15:00+05:30,24899.5,24902.6,24879.0,24892.45,0,24892.45,-18.06418271658913,38.58174661856267,24919.74901310516,24947.605604490112,0
2025-05-20 10:20:00+05:30,24892.8,24896.8,24889.6,24890.9,0,24890.9,-18.14047867932095,38.19896473560802,24917.001488047525,24945.38185529442,0
2025-05-20 10:25:00+05:30,24890.85,24902.5,24884.5,24889.1,0,24889.1,-18.137115360332245,37.73080820260579,24914.34420347157,24943.174723714248,1
2025-05-20 10:30:00+05:30,24888.55,24899.5,24887.4,24895.3,0,24895.3,-17.433202613425237,40.43855820707164,24912.53046980761,24941.29728356859,1
2025-05-20 10:35:00+05:30,24894.15,24932.0,24893.75,24929.0,0,24929.0,-13.99471595857176,52.52333060741882,24914.0989964926,24940.815037154138,0
2025-05-20 10:40:00+05:30,24928.85,24935.15,24922.9,24927.0,0,24927.0,-11.300805149687221,51.850950626291784,24915.327663493306,24940.27327099123,1
2025-05-20 10:45:00+05:30,24927.25,24967.25,24926.65,24947.4,0,24947.4,-7.43405673646339,57.786953088495714,24918.38217173204,24940.552750560204,0
2025-05-20 10:50:00+05:30,24947.1,24951.35,24927.8,24927.95,0,24927.95,-5.871401350192173,51.29393657520092,24919.293393471842,24940.05852504804,1
2025-05-20 10:55:00+05:30,24928.25,24932.65,24917.15,24930.85,0,24930.85,-4.348849109093862,52.1571083047863,24920.394022664997,24939.69740641871,0
2025-05-20 11:00:00+05:30,24932.0,24946.55,24920.3,24930.5,0,24930.5,-3.13432699302939,52.037245838204136,24921.356496696902,24939.336723814056,0
2025-05-20 11:05:00+05:30,24930.95,24935.9,24925.15,24926.35,0,24926.35,-2.478113631517772,50.55374507137419,24921.832068440057,24938.82744052723,0
2025-05-20 11:10:00+05:30,24927.35,24927.85,24905.95,24920.75,0,24920.75,-2.382469389518519,48.54269906339981,24921.72901430291,24938.118521290868,0
2025-05-20 11:15:00+05:30,24921.05,24921.05,24895.2,24902.55,0,24902.55,-3.7322356456170382,42.61004878485094,24919.902441512157,24936.723677318674,0
2025-05-20 11:20:00+05:30,24900.9,24902.4,24888.6,24892.55,0,24892.55,-5.5449330183982966,39.73644347730668,24917.297447082427,24934.99137624735,0
2025-05-20 11:25:00+05:30,24893.15,24905.35,24889.7,24890.55,0,24890.55,-7.061491552420193,39.16751743975614,24914.750071169816,24933.248577178827,1
2025-05-20 11:30:00+05:30,24890.8,24895.7,24876.7,24894.65,0,24894.65,-7.84214007277842,41.03143175551052,24912.835778677454,24931.73490748554,0
2025-05-20 11:35:00+05:30,24894.65,24901.15,24881.1,24881.95,0,24881.95,-9.377495579352399,37.22649772918375,24909.89427594627,24929.782558172385,0
2025-05-20 11:40:00+05:30,24882.15,24882.9,24865.05,24870.3,0,24870.3,-11.402888120635907,34.10241528772597,24906.123392522815,24927.449908832292,0
2025-05-20 11:45:00+05:30,24870.3,24879.75,24863.75,24870.15,0,24870.15,-12.87175249775828,34.06277832287706,24902.697355139688,24925.202853583967,0
2025-05-20 11:50:00+05:30,24870.95,24881.75,24845.95,24858.3,0,24858.3,-14.821184673590324,30.997604164459563,24898.469035602575,24922.579212266948,1
2025-05-20 11:55:00+05:30,24859.45,24862.75,24844.55,24862.5,0,24862.5,-15.844572450401756,33.288939004125204,24895.043413164232,24920.223164727067,1
2025-05-20 12:00:00+05:30,24862.6,24876.45,24859.4,24868.95,0,24868.95,-15.951277147902147,36.761887895324215,24892.55832619621,24918.21245238483,1
2025-05-20 12:05:00+05:30,24869.1,24887.9,24865.5,24885.1,0,24885.1,-14.564777669897012,44.54634320822903,24891.84800941562,24916.913924840326,0
2025-05-20 12:10:00+05:30,24886.25,24887.3,24856.35,24859.2,0,24859.2,-15.378605398869695,36.73625208355671,24888.73867518556,24914.65063367012,1
2025-05-20 12:15:00+05:30,24862.0,24867.75,24855.2,24860.1,0,24860.1,-15.769170082261553,37.148621339845945,24886.011182310744,24912.51139313404,0
2025-05-20 12:20:00+05:30,24860.7,24865.95,24854.15,24858.35,0,24858.35,-16.035063551218627,36.648395013059314,24883.376783995434,24910.387416932706,1
2025-05-20 12:25:00+05:30,24858.85,24866.15,24852.05,24862.35,0,24862.35,-15.741560559079517,38.68087563882093,24881.374233138726,24908.503596660838,1
2025-05-20 12:30:00+05:30,24862.65,24876.2,24858.8,24866.35,0,24866.35,-15.01312874974974,40.72872380754212,24879.94335379218,24906.850514438847,0
2025-05-20 12:35:00+05:30,24866.4,24870.95,24861.7,24864.4,0,24864.4,-14.426885836459405,40.02692386526958,24878.4630343834,24905.185788382423,0
2025-05-20 12:40:00+05:30,24863.25,24870.35,24849.9,24859.6,0,24859.6,-14.186075738169166,38.27845371974087,24876.666554918313,24903.398110406644,0
2025-05-20 12:45:00+05:30,24860.65,24865.05,24825.05,24832.05,0,24832.05,-16.033462974690337,30.1404071613489,24872.417359211806,24900.60014529266,0
2025-05-20 12:50:00+05:30,24829.75,24838.15,24801.75,24809.9,0,24809.9,-19.065080177373602,25.45474159935304,24866.463325001158,24897.043276849814,0
2025-05-20 12:55:00+05:30,24810.1,24815.9,24780.65,24792.5,0,24792.5,-22.611047157515713,22.496116565240428,24859.41919881057,24892.94354050276,1
2025-05-20 13:00:00+05:30,24792.25,24807.85,24788.6,24792.95,0,24792.95,-25.095653228479932,22.746202358631855,24853.08879892385,24889.022225188928,0
2025-05-20 13:05:00+05:30,24793.6,24814.65,24787.2,24788.2,0,24788.2,-27.135208945292106,21.941388503922923,24846.908913312054,24885.068412436423,1
2025-05-20 13:10:00+05:30,24788.5,24806.15,24784.05,24790.7,0,24790.7,-28.22448810865899,23.47605834972742,24841.555683472812,24881.367690380095,0
2025-05-20 13:15:00+05:30,24790.45,24793.25,24765.4,24766.65,0,24766.65,-30.674783884987846,19.503529156590574,24834.421808856354,24876.868957424012,1
2025-05-20 13:20:00+05:30,24766.75,24786.35,24766.75,24776.0,0,24776.0,-31.499092155503604,24.829176888744506,24828.857827060514,24872.913312034838,1
2025-05-20 13:25:00+05:30,24776.25,24789.4,24772.6,24781.0,0,24781.0,-31.38709331154314,27.58815519049194,24824.299938769036,24869.30886842563,1
2025-05-20 13:30:00+05:30,24781.05,24795.1,24775.55,24781.3,0,24781.3,-30.917725632527436,27.75947823639895,24820.20470650532,24865.857540252076,0
2025-05-20 13:35:00+05:30,24781.25,24781.95,24766.85,24772.45,0,24772.45,-30.903631574801693,25.818819150689126,24815.656639219098,24862.194499457877,0
2025-05-20 13:40:00+05:30,24772.3,24777.15,24750.65,24762.2,0,24762.2,-31.358074901945656,23.748052205131383,24810.56553072204,24858.27314653796,1
2025-05-20 13:45:00+05:30,24761.8,24783.0,24753.85,24776.2,0,24776.2,-30.239954147975368,31.79448179003034,24807.292623034227,24855.054591771765,0
2025-05-20 13:50:00+05:30,24776.05,24784.55,24771.9,24775.45,0,24775.45,-29.079147811979055,31.602090240189806,24804.25999226906,24851.932843074836,0
2025-05-20 13:55:00+05:30,24775.05,24778.15,24767.1,24767.95,0,24767.95,-28.436588456865138,29.66870868965904,24800.801897767244,24848.63939824837,0
2025-05-20 14:00:00+05:30,24767.5,24770.25,24745.8,24751.2,0,24751.2,-28.94527741274942,25.863127183094864,24796.077907503695,24844.81824537589,0
2025-05-20 14:05:00+05:30,24750.75,24752.2,24728.1,24735.5,0,24735.5,-30.266383832171414,22.898325596407233,24790.308582979535,24840.531255361147,1
2025-05-20 14:10:00+05:30,24735.4,24743.35,24729.15,24738.35,0,24738.35,-30.72917223676268,24.588311776724332,24785.360146505293,24836.52414730777,0
2025-05-20 14:15:00+05:30,24737.1,24745.6,24726.75,24727.5,0,24727.5,-31.607092813163035,22.56088560441853,24779.84965636193,24832.2486905506,0
2025-05-20 14:20:00+05:30,24727.35,24729.7,24707.55,24713.95,0,24713.95,-33.015639215605916,20.30875357261108,24773.573498613176,24827.609526215285,0
2025-05-20 14:25:00+05:30,24714.05,24716.15,24700.9,24704.1,0,24704.1,-34.528709596830595,18.836698339217385,24766.95697493573,24822.766015383313,1
2025-05-20 14:30:00+05:30,24704.0,24708.55,24696.8,24707.95,0,24707.95,-35.0135515240363,21.239717766247388,24761.337263037087,24818.263426544752,0
2025-05-20 14:35:00+05:30,24709.1,24710.95,24699.9,24707.1,0,24707.1,-35.06220486844177,21.091246401236823,24756.171809414507,24813.904076484174,0
2025-05-20 14:40:00+05:30,24707.05,24707.1,24676.6,24681.9,0,24681.9,-36.71101070957229,17.24292600346797,24749.098303755985,24808.727446033816,1
2025-05-20 14:45:00+05:30,24681.65,24707.05,24679.15,24699.15,0,24699.15,-36.208382685275865,27.054540648130576,24744.341322445893,24804.430291287394,0
2025-05-20 14:50:00+05:30,24699.8,24706.7,24688.7,24689.25,0,24689.25,-36.19169824817436,25.20742289818134,24739.094529831997,24799.91341711926,0
2025-05-20 14:55:00+05:30,24688.65,24691.7,24675.95,24675.95,0,24675.95,-36.827154051035905,22.941346956876604,24733.08076508609,24795.052106643998,1
2025-05-20 15:00:00+05:30,24677.25,24695.2,24674.95,24680.15,0,24680.15,-36.57029288175909,25.227320957173664,24728.039739839798,24790.546141677565,1
2025-05-20 15:05:00+05:30,24680.15,24686.8,24669.7,24686.2,0,24686.2,-35.469671818853385,28.516926741098786,24724.055002712197,24786.454136121585,1
2025-05-20 15:10:00+05:30,24685.45,24703.55,24684.2,24693.1,0,24693.1,-33.652721734597435,32.18153271375318,24721.1069072158,24782.793189607015,0
2025-05-20 15:15:00+05:30,24693.1,24693.7,24672.05,24676.65,0,24676.65,-33.1579292556562,28.438434294156615,24716.87291605239,24778.630711583213,1
2025-05-20 15:20:00+05:30,24676.6,24688.9,24675.9,24683.15,0,24683.15,-31.873884672371787,31.81329878898764,24713.661209761685,24774.8863699525,1
2025-05-20 15:25:00+05:30,24682.75,24713.85,24682.45,24713.85,0,24713.85,-28.055628834506933,45.005210898153344,24713.679189784383,24772.492786817107,1
2025-05-21 09:15:00+05:30,24744.25,24766.15,24700.3,24723.15,0,24723.15,-24.002515242624213,48.270174462011816,24714.58117170968,24770.557775569378,0
2025-05-21 09:20:00+05:30,24723.55,24753.4,24705.6,24706.9,0,24706.9,-21.849762254765665,43.419554382935935,24713.849631546855,24768.06139221372,1
2025-05-21 09:25:00+05:30,24706.35,24746.05,24692.65,24738.3,0,24738.3,-17.409288976472453,53.204966490076785,24716.1782380662,24766.894278793574,1
2025-05-21 09:30:00+05:30,24738.2,24776.1,24722.5,24771.75,0,24771.75,-11.063513171811792,60.95240598953385,24721.470786821803,24767.08469923304,1
2025-05-21 09:35:00+05:30,24772.6,24808.75,24765.15,24808.75,0,24808.75,-3.0141046277385612,67.38475204091817,24729.783092838774,24768.71863259645,0
2025-05-21 09:40:00+05:30,24807.95,24817.05,24791.65,24796.65,0,24796.65,2.361518643290765,63.689763567592735,24736.15136971127,24769.813980337767,1
2025-05-21 09:45:00+05:30,24795.7,24839.75,24794.3,24829.25,0,24829.25,9.146847204428923,68.67374925299418,24745.017905929246,24772.14480463825,1
2025-05-21 09:50:00+05:30,24830.65,24844.3,24818.6,24842.05,0,24842.05,15.37983286110466,70.39217685695326,24754.25905774551,24774.886184848518,0
2025-05-21 09:55:00+05:30,24841.5,24843.45,24807.25,24815.9,0,24815.9,18.00191754527623,62.81149364436148,24760.129623674507,24776.494569756418,1
2025-05-21 10:00:00+05:30,24815.85,24841.45,24811.25,24832.35,0,24832.35,21.163358052297554,65.34014843236362,24767.007754753125,24778.68497878558,1
2025-05-21 10:05:00+05:30,24833.15,24861.85,24827.4,24860.15,0,24860.15,25.616756078572507,69.15696658652661,24775.878444776637,24781.87968549987,1
2025-05-21 10:10:00+05:30,24860.05,24870.2,24852.25,24869.2,0,24869.2,29.535894064072636,70.30345370937295,24784.76621194077,24785.3040115587,1
2025-05-21 10:15:00+05:30,24869.85,24905.6,24869.85,24892.8,0,24892.8,34.152473465088406,73.1104611168787,24795.055144136888,24789.519540517183,1
2025-05-21 10:20:00+05:30,24893.1,24911.65,24892.9,24904.35,0,24904.35,38.301617172834085,74.386492439689,24805.46417802861,24794.02269579102,0
